name,Shape_Length,Shape_Area,gb,Urban,Urban_Ratio
阿坝藏族羌族自治州,22.546509064287246,7.955641442994724,156513200,Rural,100.0
阿坝藏族羌族自治州,0.08677725399991232,0.00015426045121480803,156513200,Urban,0.0
阿克苏地区,31.180361618079424,13.633535443165188,156652900,Rural,99.74
阿克苏地区,7.443979449998892,0.03511734832880148,156652900,Urban,0.26
阿拉尔市,4.898254222256888,0.4146293975933753,156659002,Rural,99.33
阿拉尔市,0.5583927799998492,0.002800509904129869,156659002,Urban,0.67
阿拉善盟,35.37363898859448,25.43367564479169,156152900,Rural,99.95
阿拉善盟,1.4383324818576995,0.011691748691151164,156152900,Urban,0.05
阿勒泰地区,24.15035075502022,13.790910872490725,156654300,Rural,99.92
阿勒泰地区,2.5741012618597763,0.011192003955671546,156654300,Urban,0.08
阿里地区,42.86364627869585,32.543021171884504,156542500,Rural,100.0
安康市,12.138329711109149,2.2477347892576436,156610900,Rural,99.64
安康市,1.7646505420008225,0.008106880640357104,156610900,Urban,0.36
安庆市,12.665361488738041,1.2422482915830453,156340800,Rural,97.62
安庆市,6.428270603032715,0.03026777012490637,156340800,Urban,2.38
安顺市,9.393140783116818,0.826071903069971,156520400,Rural,99.36
安顺市,2.0989621221282264,0.005292140178000048,156520400,Urban,0.64
安阳市,21.470386888326516,0.6625277186869688,156410500,Rural,90.43
安阳市,14.077964141639846,0.07012790682557069,156410500,Urban,9.57
鞍山市,17.470870048362464,0.9241542694150592,156210300,Rural,93.74
鞍山市,9.5767820671235,0.061713391138326294,156210300,Urban,6.26
澳门特别行政区,0.4934166191646722,0.0013107557231821232,156820000,Rural,59.52
澳门特别行政区,0.3320719226764784,0.0008913812105924926,156820000,Urban,40.48
巴彦淖尔市,18.240600432850563,7.003189977497979,156150800,Rural,99.79
巴彦淖尔市,3.260345525999469,0.014920413702521038,156150800,Urban,0.21
巴音郭楞蒙古自治州,56.26380437502659,49.15407169463242,156652800,Rural,99.95
巴音郭楞蒙古自治州,4.889709771999833,0.022605620074074514,156652800,Urban,0.05
巴中市,9.334819964229508,1.1630613041423947,156511900,Rural,99.34
巴中市,2.5122285340003145,0.007725659766094378,156511900,Urban,0.66
白城市,17.297426712291433,2.9263806182584804,156220800,Rural,99.15
白城市,6.92432105149058,0.02509353847302727,156220800,Urban,0.85
白沙黎族自治县,2.597437106186214,0.1813640221545411,156469025,Rural,99.81
白沙黎族自治县,0.10456390000001647,0.00034606923195574103,156469025,Urban,0.19
白山市,12.436221889732368,1.8879338904964542,156220600,Rural,99.47
白山市,3.0081459860794526,0.009980505561620698,156220600,Urban,0.53
白杨市,0.5700392046507352,0.011582203753244247,156659012,Rural,96.9
白杨市,0.13196556526989173,0.000370308979843917,156659012,Urban,3.1
白银市,12.100195087384435,2.0114177661637878,156620400,Rural,99.47
白银市,2.314419493999935,0.010662345922758389,156620400,Urban,0.53
百色市,19.727813503416947,3.196747003389793,156451000,Rural,99.56
百色市,4.2127184299158795,0.014221275429548456,156451000,Urban,0.44
蚌埠市,22.842264457060494,0.5021168005465557,156340300,Rural,87.34
蚌埠市,18.001028932049472,0.07278292812562619,156340300,Urban,12.66
包头市,19.86297156052383,2.8962124479343343,156150200,Rural,97.33
包头市,8.388561809683985,0.07954395763289591,156150200,Urban,2.67
宝鸡市,14.569884971840278,1.746266055401701,156610300,Rural,98.48
宝鸡市,6.263390465397345,0.027015809166335687,156610300,Urban,1.52
保定市,96.67776427222395,2.0331633051211284,156130600,Rural,88.1
保定市,87.27484965286341,0.27465000254729405,156130600,Urban,11.9
保山市,11.134672252939687,1.6912781281071836,156530500,Rural,99.27
保山市,2.2745343080003977,0.012383395777323936,156530500,Urban,0.73
保亭黎族苗族自治县,2.064982079421871,0.09799454056593689,156469029,Rural,99.44
保亭黎族苗族自治县,0.19241913200005456,0.0005540012870627921,156469029,Urban,0.56
北海市,7.170622540175836,0.28436205352951044,156450500,Rural,95.7
北海市,2.957699052796607,0.012772753586692932,156450500,Urban,4.3
北京市,50.14004644995797,1.224137413130778,156110000,Rural,70.49
北京市,42.4190141356867,0.5124483474747583,156110000,Urban,29.51
北屯市,3.025474282870251,0.10492931387305195,156659005,Rural,97.14
北屯市,0.8915325476753229,0.003090604414716728,156659005,Urban,2.86
本溪市,12.43390802970541,0.8835133373561501,156210500,Rural,97.94
本溪市,4.859917186732274,0.01857650432000376,156210500,Urban,2.06
毕节市,15.277221022899317,2.435559545054392,156520500,Rural,99.65
毕节市,3.5152873539997245,0.008508945519968085,156520500,Urban,0.35
滨州市,31.383230312374724,0.8323976435284604,156371600,Rural,90.29
滨州市,23.6595945986913,0.08956267166450982,156371600,Urban,9.71
亳州市,16.518983219437906,0.7862525754248553,156341600,Rural,95.1
亳州市,11.008291310758075,0.04050254895614957,156341600,Urban,4.9
博尔塔拉蒙古自治州,14.846414835581456,2.736832267489088,156652700,Rural,99.73
博尔塔拉蒙古自治州,1.124880515448957,0.0074269848200294855,156652700,Urban,0.27
沧州市,99.12483408234115,1.1533831153593375,156130900,Rural,79.0
沧州市,91.18966729976155,0.3066022304473384,156130900,Urban,21.0
昌都市,28.924406743074005,10.35089883772567,156540300,Rural,100.0
昌吉回族自治州,30.778989801585404,8.242043697220604,156652300,Rural,99.3
昌吉回族自治州,10.35368773050429,0.05819130091253341,156652300,Urban,0.7
昌江黎族自治县,3.0178868410292194,0.13508767728156448,156469026,Rural,98.65
昌江黎族自治县,0.7163166060000776,0.0018480750699306717,156469026,Urban,1.35
常德市,15.76957698708757,1.6609929239751704,156430700,Rural,98.27
常德市,6.692089509999732,0.029263222281440578,156430700,Urban,1.73
常州市,19.684979622344954,0.2895577650805316,156320400,Rural,69.72
常州市,16.136620660890873,0.12578262646794378,156320400,Urban,30.28
朝阳市,16.40792659219978,2.102486047677794,156211300,Rural,98.85
朝阳市,5.509044363458619,0.02449765678057421,156211300,Urban,1.15
潮州市,7.252156225053423,0.23381806718392972,156445100,Rural,85.34
潮州市,4.193694256680621,0.04015426404236659,156445100,Urban,14.66
郴州市,16.39052176859151,1.7251006943758758,156431000,Rural,98.75
郴州市,5.466351905933854,0.021772088190433338,156431000,Urban,1.25
成都市,27.32487460923447,1.180024840698707,156510100,Rural,87.48
成都市,19.6999742614411,0.16895008566123546,156510100,Urban,12.52
承德市,23.39195635745265,4.220202552435163,156130800,Rural,99.4
承德市,9.078733613999475,0.02538521331484802,156130800,Urban,0.6
澄迈县,4.048647650448078,0.17201386521503187,156469023,Rural,96.8
澄迈县,1.4286854026238895,0.005692570675034987,156469023,Urban,3.2
池州市,9.370348022692353,0.773759006691206,156341700,Rural,98.58
池州市,3.4193472899993367,0.011151273097307905,156341700,Urban,1.42
赤峰市,29.44691928613432,9.593168400452118,156150400,Rural,99.57
赤峰市,7.302513531460326,0.04103261146549372,156150400,Urban,0.43
崇左市,10.891339760506277,1.513873526363711,156451400,Rural,99.51
崇左市,2.950797317014902,0.00745281981278396,156451400,Urban,0.49
滁州市,25.90557379613131,1.2278995714807985,156341100,Rural,94.82
滁州市,17.60212564365704,0.06710078222526661,156341100,Urban,5.18
楚雄彝族自治州,12.896991394003146,2.5398363601877305,156532300,Rural,99.56
楚雄彝族自治州,2.80382166999982,0.011170882466289713,156532300,Urban,0.44
达州市,12.594246307514169,1.5626022281708922,156511700,Rural,99.36
达州市,2.8550256400009175,0.010116043105596478,156511700,Urban,0.64
大理白族自治州,14.789173545744829,2.53126226563176,156532900,Rural,99.44
大理白族自治州,3.724767583978079,0.01432375467977239,156532900,Urban,0.56
大连市,55.38839496278359,1.2344059864256698,156210200,Rural,88.41
大连市,43.59430341952367,0.16176192546884896,156210200,Urban,11.59
大庆市,29.609848229409824,2.3294338054943076,156230600,Rural,93.9
大庆市,18.069246632410593,0.15130492849556407,156230600,Urban,6.1
大同市,17.78620472282574,1.4402981434118483,156140200,Rural,97.16
大同市,8.614283340040153,0.0420585311329203,156140200,Urban,2.84
大兴安岭地区,19.907355638201985,8.524510497737968,156232700,Rural,100.0
丹东市,14.255087623326645,1.5687357140874776,156210600,Rural,98.67
丹东市,5.759873877593589,0.021182314498580917,156210600,Urban,1.33
儋州市,5.1152612845102485,0.2784083418400935,156460400,Rural,98.05
儋州市,1.5117819166885482,0.005550347928186433,156460400,Urban,1.95
德宏傣族景颇族自治州,8.50734856650726,0.9855869901356574,156533100,Rural,99.08
德宏傣族景颇族自治州,2.254133907126191,0.009172047585995019,156533100,Urban,0.92
德阳市,11.08264678570831,0.5315070583587633,156510600,Rural,95.05
德阳市,5.838207594155576,0.02770227305033216,156510600,Urban,4.95
德州市,51.83813391799132,0.9076617773333738,156371400,Rural,86.87
德州市,44.52305380920697,0.1371917833355415,156371400,Urban,13.13
迪庆藏族自治州,11.971091315434174,2.1285764233034112,156533400,Rural,99.93
迪庆藏族自治州,0.37837039200007894,0.0014204453472785586,156533400,Urban,0.07
定安县,2.5218939931827316,0.1007797454820674,156469021,Rural,98.28
定安县,0.311274157164355,0.0017656557595499953,156469021,Urban,1.72
定西市,14.121928852767512,1.9308525869528455,156621100,Rural,99.53
定西市,2.329511188000083,0.009161792608932516,156621100,Urban,0.47
东方市,2.920636365843592,0.19025165040157221,156469007,Rural,97.71
东方市,0.8430034736793355,0.004454909213682371,156469007,Urban,2.29
东莞市,4.810364273432205,0.03339690901460803,156441900,Rural,15.45
东莞市,5.051264304789406,0.18276566756465057,156441900,Urban,84.55
东营市,23.982893537594045,0.6346584441311339,156370500,Rural,85.77
东营市,18.405469128160675,0.1053377554418794,156370500,Urban,14.23
鄂尔多斯市,25.47033920330282,9.04664018667641,156150600,Rural,99.58
鄂尔多斯市,7.86386691583165,0.03784906557238471,156150600,Urban,0.42
鄂州市,7.023431514360046,0.13047241619967875,156420700,Rural,87.85
鄂州市,4.720972532846258,0.018042046853691006,156420700,Urban,12.15
恩施土家族苗族自治州,14.111710040959627,2.252553624079278,156422800,Rural,99.55
恩施土家族苗族自治州,2.26310210703157,0.010216183936937316,156422800,Urban,0.45
防城港市,7.047340509569989,0.5180604392077633,156450600,Rural,98.71
防城港市,2.1301447942614673,0.0067456733438173285,156450600,Urban,1.29
佛山市,12.126426180065794,0.1337272693265861,156440600,Rural,40.0
佛山市,9.66551744357728,0.20057684768094927,156440600,Urban,60.0
福州市,29.260785616575397,0.952294343357358,156350100,Rural,90.42
福州市,18.338377262199746,0.10084985881029938,156350100,Urban,9.58
抚顺市,12.10128728248531,1.1907364165416832,156210400,Rural,97.59
抚顺市,4.716484264231694,0.029395627480901118,156210400,Urban,2.41
抚州市,13.6373223130066,1.6934792472972315,156361000,Rural,98.69
抚州市,4.821258138000189,0.022427828325754143,156361000,Urban,1.31
阜新市,20.36481595845179,1.084731738819196,156210900,Rural,96.09
阜新市,13.819170958712325,0.044143588759704804,156210900,Urban,3.91
阜阳市,29.341501393993195,0.9036153348203337,156341200,Rural,92.38
阜阳市,22.671610768258798,0.07455821451273445,156341200,Urban,7.62
甘南藏族自治州,19.073012928004218,3.581527691804769,156623000,Rural,99.95
甘南藏族自治州,0.6343902540003228,0.0016124720168828753,156623000,Urban,0.05
甘孜藏族自治州,30.29107153869377,14.130620420052894,156513300,Rural,100.0
赣州市,23.408286467549672,3.497692980780499,156360700,Rural,98.63
赣州市,9.825233562002381,0.048720447463997736,156360700,Urban,1.37
固原市,9.124784487851924,1.0454220246097456,156640400,Rural,99.23
固原市,1.788366061999909,0.008077393932249906,156640400,Urban,0.77
广安市,8.126691453025513,0.584327121697616,156511600,Rural,97.79
广安市,2.7181223739996767,0.013200235378885615,156511600,Urban,2.21
广元市,12.033796540108293,1.545620121977854,156510800,Rural,99.35
广元市,3.2474097520006353,0.010106456310644892,156510800,Urban,0.65
广州市,21.330162057197132,0.41780914592726,156440100,Rural,65.02
广州市,18.363638748928732,0.22477271110515107,156440100,Urban,34.98
贵港市,11.637530128766109,0.9203099734103807,156450800,Rural,98.29
贵港市,4.807783410000184,0.01600517553961176,156450800,Urban,1.71
贵阳市,16.198251685726113,0.6754403890509212,156520100,Rural,92.52
贵阳市,10.011177374130737,0.05462911226559925,156520100,Urban,7.48
桂林市,16.295495860764262,2.450484449885081,156450300,Rural,98.97
桂林市,6.246345519999977,0.025463287651917268,156450300,Urban,1.03
果洛藏族自治州,18.681139924236447,7.257454339669414,156632600,Rural,99.99
果洛藏族自治州,0.2767380193687434,0.0008374189288421275,156632600,Urban,0.01
哈尔滨市,45.239904538897356,5.979522621267491,156230100,Rural,97.46
哈尔滨市,27.589969253458577,0.155649706092042,156230100,Urban,2.54
哈密市,25.857149213082494,14.88505590211319,156650500,Rural,99.92
哈密市,1.9705444099997749,0.011218235502806137,156650500,Urban,0.08
海北藏族自治州,16.433215777473766,3.5127329215054837,156632200,Rural,99.99
海北藏族自治州,0.1476830339998969,0.00044665809652604937,156632200,Urban,0.01
海东市,10.351300723675436,1.2896738830259216,156630200,Rural,99.11
海东市,3.3034552824008574,0.011622969093555273,156630200,Urban,0.89
海口市,5.967210537058206,0.1677256780773623,156460100,Rural,86.93
海口市,3.4268297696962393,0.02522833905501397,156460100,Urban,13.07
海南藏族自治州,14.13068332461005,4.351723375506446,156632500,Rural,99.95
海南藏族自治州,0.7091464193690702,0.0022726286572878874,156632500,Urban,0.05
海西蒙古族藏族自治州,45.35041325178794,30.36169479912345,156632800,Rural,99.97
海西蒙古族藏族自治州,1.4385621100005892,0.007654267094561268,156632800,Urban,0.03
邯郸市,49.11670846146336,1.0556915943468774,156130400,Rural,86.67
邯郸市,42.8667017797353,0.1623972538156287,156130400,Urban,13.33
汉中市,14.614331554637355,2.605693258196111,156610700,Rural,99.52
汉中市,3.3719208240000853,0.01256422715340442,156610700,Urban,0.48
杭州市,29.705982600045743,1.3710720694787175,156330100,Rural,87.06
杭州市,22.815772546496955,0.20370095240602928,156330100,Urban,12.94
合肥市,26.140421306059352,0.9669937887021881,156340100,Rural,88.77
合肥市,19.126657392546516,0.1223853568021595,156340100,Urban,11.23
和田地区,33.242430848217175,25.051762264100503,156653200,Rural,99.92
和田地区,3.8214332360003027,0.01924232097998702,156653200,Urban,0.08
河池市,15.480506522469746,2.983611442586776,156451200,Rural,99.76
河池市,2.4944418840007074,0.007279146904735112,156451200,Urban,0.24
河源市,12.045608978885745,1.3643255520513844,156441600,Rural,98.46
河源市,3.8951519144162816,0.021359038895043193,156441600,Urban,1.54
菏泽市,34.58796542632803,1.107450695221724,156371700,Rural,92.19
菏泽市,27.949519488338336,0.09381760803217756,156371700,Urban,7.81
贺州市,10.66085801602469,1.029451152751665,156451100,Rural,99.11
贺州市,2.6771592220002276,0.009250978960838192,156451100,Urban,0.89
鹤壁市,8.884379795855242,0.18835038715755775,156410600,Rural,88.43
鹤壁市,5.93269234984167,0.024642895377577946,156410600,Urban,11.57
鹤岗市,15.3666123580442,1.7351648881294919,156230400,Rural,98.53
鹤岗市,5.807678944916935,0.025974349450141765,156230400,Urban,1.47
黑河市,22.512512799723247,8.249490566506035,156231100,Rural,99.86
黑河市,2.6031488723035565,0.01127051537247036,156231100,Urban,0.14
衡水市,53.26738406668843,0.7707632079484227,156131100,Rural,85.06
衡水市,47.268048816396835,0.13537810560835456,156131100,Urban,14.94
衡阳市,14.11431227681697,1.3546470721308508,156430400,Rural,97.56
衡阳市,5.351623471999687,0.033852180210147645,156430400,Urban,2.44
红河哈尼族彝族自治州,21.35305041947911,2.8137027235688157,156532500,Rural,99.16
红河哈尼族彝族自治州,7.094175459999633,0.023703382162670747,156532500,Urban,0.84
呼和浩特市,17.42770728377496,1.767217707419817,156150100,Rural,96.81
呼和浩特市,9.810081619684048,0.05826711704945744,156150100,Urban,3.19
呼伦贝尔市,52.13614430141988,31.445045314611793,156150700,Rural,99.86
呼伦贝尔市,11.361236668200581,0.04290834052689416,156150700,Urban,0.14
胡杨河市,1.698585405772042,0.07503871164338205,156659010,Rural,99.78
胡杨河市,0.0609057759999132,0.00016188631862103236,156659010,Urban,0.22
葫芦岛市,20.150138203307325,1.0548619552320333,156211400,Rural,95.77
葫芦岛市,13.716246743697196,0.04661467308158493,156211400,Urban,4.23
湖州市,32.31079189307236,0.4340347393161421,156330500,Rural,79.23
湖州市,29.044791084124032,0.11374959939153681,156330500,Urban,20.77
怀化市,19.995440708415718,2.503880966061139,156431200,Rural,99.25
怀化市,4.150755604001233,0.018989723113016034,156431200,Urban,0.75
淮安市,15.118780197074443,0.9212106703477183,156320800,Rural,94.83
淮安市,8.524165251134503,0.05017651911214208,156320800,Urban,5.17
淮北市,10.83695732585936,0.22560693672802873,156340600,Rural,84.49
淮北市,7.978534218425147,0.04142481155931204,156340600,Urban,15.51
淮南市,17.29925923169489,0.48401236235912143,156340400,Rural,91.27
淮南市,12.987305115448994,0.04631762780973652,156340400,Urban,8.73
黄冈市,21.952895564529722,1.5951280515024888,156421100,Rural,97.3
黄冈市,13.05470823372736,0.044202691878532624,156421100,Urban,2.7
黄南藏族自治州,10.878693254125064,1.7838019738486146,156632300,Rural,99.94
黄南藏族自治州,0.2689555979998204,0.0009919440928853776,156632300,Urban,0.06
黄山市,8.827279919676283,0.8944327527143081,156341000,Rural,98.85
黄山市,2.6960238419998177,0.010438871606181573,156341000,Urban,1.15
黄石市,9.922660749588882,0.3979865882111865,156420200,Rural,93.32
黄石市,6.052823468019333,0.028493418549109768,156420200,Urban,6.68
惠州市,27.291542879187354,0.8949541341519927,156441300,Rural,89.87
惠州市,20.5534099475279,0.1008900816554242,156441300,Urban,10.13
鸡西市,17.67215711828025,2.570312663357389,156230300,Rural,99.22
鸡西市,5.646450563999679,0.020117044552103874,156230300,Urban,0.78
吉安市,16.495438169773124,2.2746443009116017,156360800,Rural,98.92
吉安市,6.563271136000594,0.024888006590399223,156360800,Urban,1.08
吉林市,20.4105809663189,3.0376183661735516,156220200,Rural,98.46
吉林市,9.278891937788037,0.04762090127411815,156220200,Urban,1.54
济南市,47.98090703103216,0.8223053633845323,156370100,Rural,79.73
济南市,39.32403444034234,0.20907685561417944,156370100,Urban,20.27
济宁市,42.20688096709849,0.974365776527623,156370800,Rural,88.6
济宁市,32.95283448310752,0.1254207687478741,156370800,Urban,11.4
济源市,5.559822129685191,0.1729130754005406,156419001,Rural,92.49
济源市,3.177568861228642,0.01403740507289682,156419001,Urban,7.51
佳木斯市,31.034817548856964,3.842430173747827,156230800,Rural,98.82
佳木斯市,10.297153405761746,0.04600529675592533,156230800,Urban,1.18
嘉兴市,30.27444443096821,0.228310590054543,156330400,Rural,56.58
嘉兴市,28.126859847238766,0.17519914597633404,156330400,Urban,43.42
嘉峪关市,3.319370819885475,0.12159210929515099,156620200,Rural,94.42
嘉峪关市,1.3086169909372583,0.007186607593765239,156620200,Urban,5.58
江门市,19.21338290404728,0.7554409782649159,156440700,Rural,91.92
江门市,12.652974388345703,0.0663608318431683,156440700,Urban,8.08
焦作市,17.67562167454697,0.3257262179431558,156410800,Rural,82.88
焦作市,14.358287809295971,0.06726536201190028,156410800,Urban,17.12
揭阳市,13.315061486428373,0.39744465724812905,156445200,Rural,85.51
揭阳市,9.125688237585585,0.06735003273130141,156445200,Urban,14.49
金昌市,5.931391773557127,0.7737081293882271,156620300,Rural,99.23
金昌市,1.0601916919998757,0.006002503706771986,156620300,Urban,0.77
金华市,29.230092463700778,0.9094310212663754,156330700,Rural,89.64
金华市,22.28254912647394,0.10510209833949087,156330700,Urban,10.36
锦州市,24.330592998016392,1.0255753515222907,156210700,Rural,94.83
锦州市,16.86277273972725,0.05594776948674148,156210700,Urban,5.17
晋城市,14.048009458516352,0.9034565937782251,156140500,Rural,96.43
晋城市,8.674491717999786,0.0334609367812711,156140500,Urban,3.57
晋中市,25.983919556106066,1.6007868617772911,156140700,Rural,95.98
晋中市,16.472706047017798,0.06711232328388085,156140700,Urban,4.02
荆门市,10.445175710840557,1.1488496480924306,156420800,Rural,98.45
荆门市,3.744810695246171,0.018030399797956925,156420800,Urban,1.55
荆州市,22.67482831767406,1.2677061341033635,156421000,Rural,96.26
荆州市,12.864001900792434,0.049192047414092915,156421000,Urban,3.74
景德镇市,7.105333147952447,0.47306189644207175,156360200,Rural,96.94
景德镇市,2.3575386299997945,0.014911190053426705,156360200,Urban,3.06
九江市,18.952662559519013,1.7421616916681544,156360400,Rural,97.93
九江市,8.849694559258475,0.036883937180675855,156360400,Urban,2.07
酒泉市,30.69595535765489,17.738408200451698,156620900,Rural,99.95
酒泉市,2.4492952429366195,0.009470470876869358,156620900,Urban,0.05
喀什地区,39.31140466127691,11.303485321207129,156653100,Rural,99.67
喀什地区,7.299535153999386,0.037474408625415026,156653100,Urban,0.33
开封市,15.055480134004442,0.5698920383490317,156410200,Rural,92.97
开封市,9.290165725771041,0.04311485156180846,156410200,Urban,7.03
可克达拉市,3.4809401898042864,0.11149247682731442,156659008,Rural,99.9
可克达拉市,0.05486813314406613,0.00011090404280686887,156659008,Urban,0.1
克拉玛依市,10.868287838896423,0.8070491857198916,156650200,Rural,95.7
克拉玛依市,5.056798327845129,0.036281229297058674,156650200,Urban,4.3
克孜勒苏柯尔克孜自治州,25.79594490719083,7.31857256679301,156653000,Rural,99.95
克孜勒苏柯尔克孜自治州,1.0135860010606694,0.003550605384629268,156653000,Urban,0.05
昆明市,26.148102181708236,1.7912963772467132,156530100,Rural,94.95
昆明市,15.023784151999621,0.09519838087576683,156530100,Urban,5.05
昆玉市,2.8362257177673373,0.06876198034749799,156659009,Rural,100.0
拉萨市,12.459789627562527,2.7613981333444957,156540100,Rural,99.62
拉萨市,1.763033578000318,0.010468140419496905,156540100,Urban,0.38
来宾市,10.964964010937278,1.1775121495236964,156451300,Rural,99.23
来宾市,2.310646580000139,0.009100059375806411,156451300,Urban,0.77
兰州市,15.527239749427453,1.2812558088394461,156620100,Rural,96.67
兰州市,7.540407367310622,0.04415099185461362,156620100,Urban,3.33
廊坊市,54.450135160088415,0.47750021594730163,156131000,Rural,71.67
廊坊市,48.90405880734372,0.18876681662849645,156131000,Urban,28.33
乐东黎族自治县,2.6060954466807815,0.23640284153756472,156469027,Rural,99.86
乐东黎族自治县,0.16169675200023903,0.0003398232824359487,156469027,Urban,0.14
乐山市,13.308548643296856,1.165092010717035,156511100,Rural,98.68
乐山市,5.320901077998201,0.015611825914595636,156511100,Urban,1.32
丽江市,10.84126881591366,1.8668335261334583,156530700,Rural,99.78
丽江市,0.8780133580003167,0.004134601355552606,156530700,Urban,0.22
丽水市,14.146705388804211,1.5650095263472334,156331100,Rural,98.72
丽水市,5.962003658981089,0.020258720869101927,156331100,Urban,1.28
连云港市,19.732455479884006,0.6787747057041423,156320700,Rural,92.39
连云港市,14.01356712683965,0.055897636400918986,156320700,Urban,7.61
莲花山风景林自然保护区,0.5279123719439701,0.010982588182496165,156629800,Rural,100.0
凉山彝族自治州,23.171112506488825,5.504195133725989,156513400,Rural,99.88
凉山彝族自治州,2.3855660740010762,0.00664961323182816,156513400,Urban,0.12
辽阳市,12.807005162195802,0.47338418963558493,156211000,Rural,93.25
辽阳市,8.918766495768624,0.034247812241185414,156211000,Urban,6.75
辽源市,6.269064982490813,0.5559719646722343,156220400,Rural,98.01
辽源市,2.195003953314274,0.011302663744239945,156220400,Urban,1.99
聊城市,42.48277901092495,0.7275184122229341,156371500,Rural,83.93
聊城市,37.69506149234344,0.13925938400407412,156371500,Urban,16.07
林芝市,26.904487754070487,10.64416722139926,156540400,Rural,100.0
临沧市,9.82257749293035,2.095750623849959,156530900,Rural,99.79
临沧市,1.0962090279777084,0.004383084975005194,156530900,Urban,0.21
临汾市,23.148656532035513,1.989915082439216,156141000,Rural,97.85
临汾市,13.758437281147362,0.04368552813014085,156141000,Urban,2.15
临高县,2.139848213628679,0.11032729841241311,156469024,Rural,98.27
临高县,0.542762095999592,0.0019468482450898284,156469024,Urban,1.73
临夏回族自治州,7.746020426329701,0.7258881290199,156622900,Rural,99.15
临夏回族自治州,2.0563659524153715,0.006223190205569691,156622900,Urban,0.85
临沂市,61.88205260028739,1.4730766326646196,156371300,Rural,86.7
临沂市,52.840394636431355,0.22602776914741446,156371300,Urban,13.3
陵水黎族自治县,3.383975906465451,0.08674396972410653,156469028,Rural,93.76
陵水黎族自治县,1.5558561038562877,0.005775811990415823,156469028,Urban,6.24
柳州市,16.371187189177874,1.6263683958849,156450200,Rural,98.04
柳州市,5.739156674000924,0.03254590501609931,156450200,Urban,1.96
六安市,21.068202403887103,1.4271451859266844,156341500,Rural,96.89
六安市,13.582254128795872,0.045795262488486664,156341500,Urban,3.11
六盘水市,10.854229157890504,0.8866584831342634,156520200,Rural,99.01
六盘水市,3.4058725779997303,0.00890650752673928,156520200,Urban,0.99
龙岩市,16.412101471634873,1.678125291102025,156350800,Rural,98.13
龙岩市,7.476857768000173,0.031953919675950244,156350800,Urban,1.87
陇南市,14.968192983797254,2.708718068202874,156621200,Rural,99.76
陇南市,2.5133065100004615,0.006442407423701553,156621200,Urban,0.24
娄底市,9.9084336128138,0.7274975084598195,156431300,Rural,97.97
娄底市,3.072709451956554,0.015108990420843217,156431300,Urban,2.03
泸州市,11.822600988084782,1.1140767066147252,156510500,Rural,98.91
泸州市,3.370093556652683,0.012222789082429622,156510500,Urban,1.09
洛阳市,23.7356364617442,1.4147568156194,156410300,Rural,94.89
洛阳市,15.642632312247056,0.07624649528660186,156410300,Urban,5.11
漯河市,10.90468270701605,0.23445012249331512,156411100,Rural,89.65
漯河市,7.451206119466231,0.02706787947838775,156411100,Urban,10.35
吕梁市,24.573435466920102,2.098260658177104,156141100,Rural,97.53
吕梁市,14.830571189989024,0.05304643168440443,156141100,Urban,2.47
马鞍山市,10.809209013476478,0.34650220758997335,156340500,Rural,89.59
马鞍山市,6.942105303681237,0.0402592531873814,156340500,Urban,10.41
茂名市,13.68976962124178,0.9756222810823787,156440900,Rural,97.99
茂名市,5.964191880397314,0.020045027103762738,156440900,Urban,2.01
眉山市,11.848388910866204,0.6489706981397633,156511400,Rural,97.31
眉山市,4.497344189284671,0.0179486234015773,156511400,Urban,2.69
梅州市,12.476845987138752,1.3846011311575606,156441400,Rural,98.39
梅州市,4.729845542417674,0.022666006256208394,156441400,Urban,1.61
绵阳市,18.994705264428003,1.8948647507527914,156510700,Rural,98.24
绵阳市,7.357741173999784,0.03385261596281969,156510700,Urban,1.76
牡丹江市,19.55620170593017,4.374583128461418,156231000,Rural,99.44
牡丹江市,5.454031404000148,0.024774199552056713,156231000,Urban,0.56
那曲市,47.64154687998544,33.97297834490138,156540600,Rural,100.0
那曲市,0.19511407999993935,0.0011249247351571936,156540600,Urban,0.0
南昌市,13.36767862106224,0.6049624469320795,156360100,Rural,91.17
南昌市,7.9371545419995755,0.05858084241807225,156360100,Urban,8.83
南充市,13.563922050755863,1.1526076404850591,156511300,Rural,97.59
南充市,5.9197180580008535,0.02846715410294344,156511300,Urban,2.41
南京市,28.987923718906234,0.4726812169454003,156320100,Rural,75.21
南京市,23.36091424323619,0.15577742379437598,156320100,Urban,24.79
南宁市,18.538537543935078,1.887086129882709,156450100,Rural,96.93
南宁市,7.936076547999278,0.05985886556679534,156450100,Urban,3.07
南平市,16.979264607502472,2.3838109097245557,156350700,Rural,99.25
南平市,5.9680013648347146,0.018026600874750144,156350700,Urban,0.75
南通市,25.520671958131967,0.7922309597456058,156320600,Rural,87.31
南通市,19.693238770855977,0.11516406585861738,156320600,Urban,12.69
南阳市,33.6685149993816,2.4694558580903383,156411300,Rural,96.5
南阳市,22.965398107411524,0.08960121084627064,156411300,Urban,3.5
内江市,8.01669038097744,0.49117531423226035,156511000,Rural,98.07
内江市,2.103436419822909,0.009669629336495157,156511000,Urban,1.93
宁波市,31.86721678168722,0.6784210836583171,156330200,Rural,78.05
宁波市,22.712102359432606,0.19081883000511796,156330200,Urban,21.95
宁德市,17.758618932609227,1.172214133780944,156350900,Rural,98.72
宁德市,5.430160567745414,0.01517030616635292,156350900,Urban,1.28
怒江傈僳族自治州,10.878312408180951,1.3242176618642076,156533300,Rural,99.98
怒江傈僳族自治州,0.15415090399994824,0.00029900672128802306,156533300,Urban,0.02
攀枝花市,8.754931958707681,0.659282070719501,156510400,Rural,98.2
攀枝花市,2.9622844880002503,0.012057371687488608,156510400,Urban,1.8
盘锦市,11.138047334926963,0.36873820441043637,156211100,Rural,93.05
盘锦市,6.266879577044442,0.0275606009676927,156211100,Urban,6.95
平顶山市,22.909644437970805,0.7001178963344331,156410400,Rural,90.92
平顶山市,16.85611536605988,0.06987966739704499,156410400,Urban,9.08
平凉市,11.492679463670317,1.0926762852583756,156620800,Rural,99.39
平凉市,1.989621655741792,0.006719731094977917,156620800,Urban,0.61
萍乡市,6.692955401944397,0.33853081000510793,156360300,Rural,96.93
萍乡市,2.7423768779993907,0.010723134959403214,156360300,Urban,3.07
莆田市,13.356076622972745,0.30360141538473245,156350300,Rural,85.97
莆田市,8.662735978124964,0.04953608727900358,156350300,Urban,14.03
濮阳市,17.375996884808924,0.37510923512071254,156410900,Rural,88.81
濮阳市,12.417932584806946,0.04724817956455731,156410900,Urban,11.19
普洱市,15.87081149714501,3.896661536428437,156530800,Rural,99.85
普洱市,1.5336103286118994,0.006035451089739454,156530800,Urban,0.15
七台河市,8.712742673786352,0.7020009262107492,156230900,Rural,97.79
七台河市,2.938568954000175,0.015885630960253153,156230900,Urban,2.21
齐齐哈尔市,33.94896937129216,5.004719814015592,156230200,Rural,98.75
齐齐哈尔市,16.00580228887509,0.06328991104229534,156230200,Urban,1.25
潜江市,7.643463091398393,0.1730255034122911,156429005,Rural,92.08
潜江市,5.130716349431903,0.014879434265804467,156429005,Urban,7.92
黔东南苗族侗族自治州,18.560979566489554,2.72782178345903,156522600,Rural,99.44
黔东南苗族侗族自治州,4.49948161400016,0.015281081054980944,156522600,Urban,0.56
黔南布依族苗族自治州,19.222983771357914,2.3432693204629382,156522700,Rural,99.49
黔南布依族苗族自治州,4.367429217998733,0.012125931893543102,156522700,Urban,0.51
黔西南布依族苗族自治州,12.340226793037724,1.4918898196362793,156522300,Rural,99.28
黔西南布依族苗族自治州,3.9364792059149196,0.010889842294386453,156522300,Urban,0.72
钦州市,9.709054655958202,0.9246309477732062,156450700,Rural,98.8
钦州市,2.9612065000001166,0.011269800906792754,156450700,Urban,1.2
秦皇岛市,18.695660614561092,0.7539466383618273,156130300,Rural,91.86
秦皇岛市,13.937370962272604,0.0667654821231674,156130300,Urban,8.14
青岛市,37.866991725758304,0.9367579714337078,156370200,Rural,84.41
青岛市,29.339080852539322,0.17300569943291125,156370200,Urban,15.59
清远市,19.290053457875675,1.6507970571554005,156441800,Rural,97.66
清远市,10.646692419602147,0.03959956154529197,156441800,Urban,2.34
庆阳市,12.50523832404146,2.7075578756199494,156621000,Rural,99.69
庆阳市,2.4916213717399733,0.00829713169419968,156621000,Urban,0.31
琼海市,3.017035952982345,0.14193107123269671,156469002,Rural,97.97
琼海市,0.8381281539999463,0.0029349430913027407,156469002,Urban,2.03
琼中黎族苗族自治县,3.0001948467188546,0.23140942452340205,156469030,Rural,99.79
琼中黎族苗族自治县,0.16385270799992213,0.000480139291594424,156469030,Urban,0.21
曲靖市,18.323721431855688,2.576164722249213,156530300,Rural,99.03
曲靖市,6.322881955998923,0.025321591773113328,156530300,Urban,0.97
衢州市,12.652574367708183,0.7886396923552541,156330800,Rural,96.4
衢州市,7.036486154043775,0.02942825002495401,156330800,Urban,3.6
泉州市,24.926683777928776,0.8226484519851085,156350500,Rural,82.03
泉州市,16.62482556232154,0.18022374848072906,156350500,Urban,17.97
日喀则市,40.30616435228239,16.663737586483347,156540200,Rural,99.99
日喀则市,0.40208592200019666,0.0013632876347588765,156540200,Urban,0.01
日照市,18.680304061755358,0.466621300983813,156371100,Rural,88.14
日照市,14.190037967515844,0.0627779935190149,156371100,Urban,11.86
三门峡市,11.307642944032077,0.9573588184725856,156411200,Rural,98.23
三门峡市,4.023753976555758,0.017247694121040203,156411200,Urban,1.77
三明市,16.95406285866293,2.052722857935991,156350400,Rural,98.88
三明市,6.2497276888358835,0.023316943344716443,156350400,Urban,1.12
三沙市,40.333623873431634,0.5003705171625127,156460300,Rural,100.0
三亚市,5.829148654256274,0.15051638093826852,156460200,Rural,92.74
三亚市,3.0664284977702674,0.011790486859852336,156460200,Urban,7.26
厦门市,7.591224319673851,0.08005105186965401,156350200,Rural,56.34
厦门市,5.204941417397472,0.06203834500687221,156350200,Urban,43.66
山南市,17.042319472023355,7.253127670316316,156540500,Rural,99.99
山南市,0.25278591800019967,0.0008572930163106109,156540500,Urban,0.01
汕头市,10.158608549697314,0.11403667880745776,156440500,Rural,60.6
汕头市,7.318300543835501,0.07415015641287909,156440500,Urban,39.4
汕尾市,14.312909480784278,0.43975302560545726,156441500,Rural,95.13
汕尾市,7.5693160756869275,0.022497450313928913,156441500,Urban,4.87
商洛市,10.917063704593755,1.8937463385176845,156611000,Rural,99.66
商洛市,2.083732131999909,0.00647959262731402,156611000,Urban,0.34
商丘市,24.183181503812197,0.985240830664691,156411400,Rural,93.87
商丘市,17.28349932224826,0.06432033031160035,156411400,Urban,6.13
上海市,26.82430041552343,0.2900161613225377,156310000,Rural,42.52
上海市,20.580562870801483,0.3920657250828731,156310000,Urban,57.48
上饶市,20.970161647616305,2.0652805864385138,156361100,Rural,98.41
上饶市,8.837760574047781,0.03336679330616318,156361100,Urban,1.59
韶关市,15.31011960406649,1.6132821532972792,156440200,Rural,98.56
韶关市,5.470201094001595,0.02349174613621825,156440200,Urban,1.44
邵阳市,13.156232583083158,1.875551251653899,156430500,Rural,99.04
邵阳市,3.669977293999409,0.0181531288561068,156430500,Urban,0.96
绍兴市,24.103440901135933,0.6749657642975314,156330600,Rural,87.47
绍兴市,19.147420799256096,0.09672024311081327,156330600,Urban,12.53
深圳市,5.833943757478556,0.05320643970856089,156440300,Rural,31.18
深圳市,4.747957612229157,0.11743085198566475,156440300,Urban,68.82
神农架林区,3.1915587525239113,0.3056427122160094,156429021,Rural,100.0
沈阳市,33.127538295798686,1.2474830331468225,156210100,Rural,89.0
沈阳市,24.399320465407968,0.15417884084080297,156210100,Urban,11.0
十堰市,14.437690752874168,2.2511977322429493,156420300,Rural,99.05
十堰市,3.9685477221320618,0.021642900332291264,156420300,Urban,0.95
石河子市,2.52209797491853,0.03558577329913257,156659001,Rural,68.96
石河子市,1.585271165766762,0.016015504220873996,156659001,Urban,31.04
石家庄市,52.68798107192503,1.2555903330884417,156130100,Rural,86.91
石家庄市,45.31298504024679,0.18904367545864767,156130100,Urban,13.09
石嘴山市,7.151606860837396,0.39579855954165477,156640200,Rural,93.39
石嘴山市,3.9980096057236425,0.02799257510812326,156640200,Urban,6.61
双河市,3.7067943712399187,0.08377332797673163,156659007,Rural,99.73
双河市,0.12918868144894416,0.00022779065663735008,156659007,Urban,0.27
双鸭山市,20.27303305069549,2.568122514051544,156230500,Rural,99.03
双鸭山市,7.2989913780006646,0.02514532521396119,156230500,Urban,0.97
朔州市,8.34196697373374,1.108544225490731,156140600,Rural,99.17
朔州市,2.06311377220124,0.009320126007171182,156140600,Urban,0.83
四平市,14.759210084262936,1.118193948992371,156220300,Rural,97.98
四平市,4.8728012529988955,0.023007989172924032,156220300,Urban,2.02
松原市,29.24287412351288,2.350646344804638,156220700,Rural,97.79
松原市,18.934141782542248,0.053166755519798575,156220700,Urban,2.21
苏州市,42.93966125227362,0.5051330838419047,156320500,Rural,61.59
苏州市,39.671469000796705,0.3150577143885675,156320500,Urban,38.41
宿迁市,15.635603634501802,0.7853775217531839,156321300,Rural,94.47
宿迁市,9.981744258206842,0.04597783632299573,156321300,Urban,5.53
宿州市,31.873529131476612,0.9027770029669765,156341300,Rural,92.99
宿州市,24.25809251628244,0.06810277175964222,156341300,Urban,7.01
绥化市,31.019811131144063,4.06533828305546,156231200,Rural,98.69
绥化市,14.967166128222885,0.053878836077485524,156231200,Urban,1.31
随州市,9.725595494548028,0.9001723628652281,156421300,Rural,98.44
随州市,3.5990884264061753,0.014273887090144176,156421300,Urban,1.56
遂宁市,8.22224007176291,0.4830822847269689,156510900,Rural,96.47
遂宁市,3.7184862940000585,0.01769463250502784,156510900,Urban,3.53
塔城地区,30.930472256513454,10.905132004654014,156654200,Rural,99.81
塔城地区,4.585547956941477,0.021014273302948694,156654200,Urban,0.19
台湾省,63.114315099356624,2.9102160575217395,156710000,Rural,90.38
台湾省,51.84216497432007,0.3096522260362112,156710000,Urban,9.62
台州市,25.062659915293786,0.7780706738732699,156331000,Rural,86.92
台州市,16.35162554142555,0.11706716937160888,156331000,Urban,13.08
太原市,17.450755799858406,0.6238872100290531,156140100,Rural,88.16
太原市,12.134108317388778,0.08379139528377888,156140100,Urban,11.84
太子山天然林保护区,2.369287254617821,0.07448406139100258,156629900,Rural,100.0
泰安市,28.321828454672342,0.6923257046861417,156370900,Rural,89.19
泰安市,21.319538340998093,0.08393017605337628,156370900,Urban,10.81
泰州市,21.66922483507678,0.47943636181403604,156321200,Rural,86.32
泰州市,16.629789788972126,0.07594927860302403,156321200,Urban,13.68
唐山市,59.565190504183796,1.2404929269846776,156130200,Rural,85.71
唐山市,51.230952681909294,0.20680159960182634,156130200,Urban,14.29
天津市,63.062726507153826,0.8886933090353637,156120000,Rural,71.27
天津市,54.21009349201602,0.35829607954482534,156120000,Urban,28.73
天门市,4.007986901833739,0.2403330278237641,156429006,Rural,97.81
天门市,0.9791040896122599,0.005376191834051255,156429006,Urban,2.19
天水市,11.918759262393195,1.390098768341972,156620500,Rural,98.96
天水市,3.491565777999881,0.014660128382526082,156620500,Urban,1.04
铁岭市,14.921791668522518,1.3963054090914906,156211200,Rural,98.31
铁岭市,6.820798656851324,0.024070256438341507,156211200,Urban,1.69
铁门关市,8.216508150939607,0.19792034894048666,156659006,Rural,100.0
通化市,13.33294184826096,1.6827278203548444,156220500,Rural,99.14
通化市,3.7408225042872916,0.014568241316997101,156220500,Urban,0.86
通辽市,23.267314146610122,6.561695651452,156150500,Rural,99.68
通辽市,5.658592155980185,0.020975138382021048,156150500,Urban,0.32
铜川市,3.8809223057163393,0.3840841448022432,156610200,Rural,99.8
铜川市,0.2784468108929995,0.0007727176704505034,156610200,Urban,0.2
铜陵市,6.914744589548575,0.2699125944583364,156340700,Rural,95.78
铜陵市,3.111501469032291,0.011884769906699098,156340700,Urban,4.22
铜仁市,15.640833023716123,1.6363351518138753,156520600,Rural,99.15
铜仁市,4.516250542126213,0.013986106878884649,156520600,Urban,0.85
图木舒克市,4.669067114619673,0.20724557845549435,156659003,Rural,98.84
图木舒克市,0.6425175930614232,0.002425534601865958,156659003,Urban,1.16
吐鲁番市,18.6248256848345,7.61037830842702,156650400,Rural,99.81
吐鲁番市,3.9621093800010385,0.014754968696496245,156650400,Urban,0.19
屯昌县,2.077904140582693,0.10429381960504565,156469022,Rural,99.05
屯昌县,0.22745342999996865,0.001004218108452267,156469022,Urban,0.95
万宁市,3.876438597721967,0.15617346395778905,156469006,Rural,97.36
万宁市,1.4309284731280494,0.004236271753589966,156469006,Urban,2.64
威海市,30.24472431241081,0.4737672088981375,156371000,Rural,82.54
威海市,24.853975637601735,0.10021562113608293,156371000,Urban,17.46
潍坊市,46.32893262340362,1.3673873722846435,156370700,Rural,85.4
潍坊市,38.11129038072856,0.23378135466542233,156370700,Urban,14.6
渭南市,14.480838300207246,1.2604745221663547,156610500,Rural,98.01
渭南市,6.778387499722005,0.025551476002000147,156610500,Urban,1.99
温州市,25.66869065333897,0.9624047522367785,156330300,Rural,90.25
温州市,17.192249228028533,0.10393765367588131,156330300,Urban,9.75
文昌市,4.011128022461461,0.20272133809866497,156469005,Rural,98.83
文昌市,0.9587243729319745,0.002392648701626233,156469005,Urban,1.17
文山壮族苗族自治州,13.428963647270447,2.774654587772273,156532600,Rural,99.64
文山壮族苗族自治州,2.677159206000397,0.00996403411020322,156532600,Urban,0.36
乌海市,6.811606226214432,0.14730558675117864,156150300,Rural,84.79
乌海市,4.399294915429526,0.026420060245584073,156150300,Urban,15.21
乌兰察布市,19.539821816099682,5.868386891101051,156150900,Rural,99.72
乌兰察布市,3.413341645418761,0.016317461672674397,156150900,Urban,0.28
乌鲁木齐市,17.566242504135293,1.4394798437478216,156650100,Rural,93.41
乌鲁木齐市,8.4082592499718,0.1014772670994808,156650100,Urban,6.59
无锡市,17.70241881278977,0.2282872316579339,156320200,Rural,52.25
无锡市,15.274928099563862,0.20859598163066942,156320200,Urban,47.75
芜湖市,15.477317007368487,0.5107150585786229,156340200,Rural,89.84
芜湖市,9.911972717871791,0.057736860420208445,156340200,Urban,10.16
吴忠市,16.517025583479946,1.6730812145122194,156640300,Rural,98.74
吴忠市,4.567220978986359,0.02134252163666649,156640300,Urban,1.26
梧州市,12.438578446628446,1.0970485597572632,156450400,Rural,98.75
梧州市,3.879332949712209,0.013852830928324941,156450400,Urban,1.25
五家渠市,3.0456702404049074,0.07334894760671551,156659004,Rural,87.6
五家渠市,1.511696303618811,0.010380155144409315,156659004,Urban,12.4
五指山市,1.8223704212720202,0.09738485688454047,156469001,Rural,99.24
五指山市,0.21990757799983385,0.0007471899859596686,156469001,Urban,0.76
武汉市,28.139423231558247,0.6511913440661544,156420100,Rural,80.66
武汉市,21.803312124083085,0.15613636772624426,156420100,Urban,19.34
武威市,14.332117481968144,3.3232467161114374,156620600,Rural,99.87
武威市,1.189549103999866,0.004166339506547028,156620600,Urban,0.13
西安市,23.582224881079185,0.8574820648167258,156610100,Rural,86.81
西安市,17.57631302491499,0.13031440492878643,156610100,Urban,13.19
西宁市,9.728652252500773,0.7426535733466487,156630100,Rural,96.62
西宁市,4.605648341504382,0.02597133108770748,156630100,Urban,3.38
西双版纳傣族自治州,8.95364195864958,1.659938302924906,156532800,Rural,99.78
西双版纳傣族自治州,1.1227144439994845,0.0036372493945920907,156532800,Urban,0.22
锡林郭勒盟,36.052761300656414,22.48452485006183,156152500,Rural,99.89
锡林郭勒盟,4.2041155199991636,0.02574922145022571,156152500,Urban,0.11
仙桃市,7.996549077706209,0.2200439270185782,156429004,Rural,93.27
仙桃市,5.189684851962004,0.01587092175951171,156429004,Urban,6.73
咸宁市,9.835468459880563,0.8883002707016195,156421200,Rural,98.12
咸宁市,3.703933542000186,0.017041131820896074,156421200,Urban,1.88
咸阳市,16.756247839399062,0.9696541105893053,156610400,Rural,94.99
咸阳市,10.887256757043469,0.051119364441104896,156610400,Urban,5.01
香港特别行政区,8.262546992228797,0.07584868783969818,156810000,Rural,79.97
香港特别行政区,5.320449828710343,0.01899811868932164,156810000,Urban,20.03
湘潭市,8.97416505060027,0.4319601359358691,156430300,Rural,94.32
湘潭市,3.9151354998414183,0.026000143876725643,156430300,Urban,5.68
湘西土家族苗族自治州,10.30210852124523,1.4214865747914918,156433100,Rural,99.46
湘西土家族苗族自治州,2.4375004391587356,0.007738410632444353,156433100,Urban,0.54
襄阳市,21.008201917435407,1.8340319583098423,156420600,Rural,97.43
襄阳市,11.79630912813062,0.048423446190411334,156420600,Urban,2.57
孝感市,18.90190692800086,0.7960625056655112,156420900,Rural,94.58
孝感市,12.259316875165174,0.0456067627806814,156420900,Urban,5.42
忻州市,23.865528612690905,2.5674765569023488,156140900,Rural,98.29
忻州市,13.315517357994025,0.044727701654771135,156140900,Urban,1.71
新乡市,24.28262123984717,0.7450229100559583,156410700,Rural,90.64
新乡市,18.462158164777662,0.07692476407856534,156410700,Urban,9.36
新星市,6.246087044862951,0.26663940500312383,156659011,Rural,99.9
新星市,0.09809602800021366,0.0002714083403890351,156659011,Urban,0.1
新余市,5.759621258903933,0.27641473478323136,156360500,Rural,95.38
新余市,2.305795676000116,0.013394005112771279,156360500,Urban,4.62
信阳市,29.644624128221306,1.7420484422477411,156411500,Rural,96.46
信阳市,20.460361181147864,0.06400986713165327,156411500,Urban,3.54
邢台市,48.34721768387067,1.1219753483767017,156130500,Rural,88.89
邢台市,41.928755977772425,0.14025620026713082,156130500,Urban,11.11
兴安盟,31.46170177743185,6.39338750926242,156152200,Rural,99.39
兴安盟,12.021628439051216,0.03910824595952721,156152200,Urban,0.61
徐州市,29.45999931909152,0.9998815082510387,156320300,Rural,90.74
徐州市,20.797397576094824,0.10201054632358848,156320300,Urban,9.26
许昌市,22.841390013275564,0.4109379459777311,156411000,Rural,84.47
许昌市,18.156735509680523,0.07556725313898939,156411000,Urban,15.53
宣城市,13.306187380518491,1.1373576751568657,156341800,Rural,97.89
宣城市,6.015912129092282,0.024481500903726812,156341800,Urban,2.11
雅安市,8.897700776095572,1.4043510275959394,156511800,Rural,99.89
雅安市,0.519046565999929,0.0015041846705577337,156511800,Urban,0.11
烟台市,40.12877468436183,1.246391944174346,156370600,Rural,89.58
烟台市,31.116092519465333,0.14490479912705514,156370600,Urban,10.42
延安市,18.491900383551496,3.711416261212824,156610600,Rural,99.7
延安市,4.101168586000881,0.011118155049177243,156610600,Urban,0.3
延边朝鲜族自治州,24.47897188667271,4.7560472061542765,156222400,Rural,99.2
延边朝鲜族自治州,7.267965140330574,0.03845806983847621,156222400,Urban,0.8
盐城市,21.472938469065085,1.4411053828605778,156320900,Rural,95.66
盐城市,13.714912046032097,0.0653581625010022,156320900,Urban,4.34
扬州市,18.124101087323776,0.5661036350142117,156321000,Rural,89.26
扬州市,13.042137049058871,0.06812794601621633,156321000,Urban,10.74
阳江市,9.856092889018578,0.6735712106177529,156441700,Rural,97.59
阳江市,4.187315278736694,0.01662645318792638,156441700,Urban,2.41
阳泉市,10.176607808743974,0.44020809825026436,156140300,Rural,93.78
阳泉市,6.405673388580471,0.029173763068211192,156140300,Urban,6.22
伊春市,21.104059806751202,3.913010048829459,156230700,Rural,99.25
伊春市,5.31922839521645,0.02938594249309704,156230700,Urban,0.75
伊犁哈萨克自治州,26.845076434137734,6.100330285566437,156654000,Rural,99.32
伊犁哈萨克自治州,6.420128441321931,0.041835288197343966,156654000,Urban,0.68
宜宾市,8.53704899274886,1.2219644557379439,156511500,Rural,99.87
宜宾市,0.6726584779995619,0.001580951744509203,156511500,Urban,0.13
宜昌市,15.653347798603441,1.9691678118518594,156420500,Rural,98.56
宜昌市,6.75892420600087,0.028811916069632657,156420500,Urban,1.44
宜春市,19.22551070652322,1.6824106436951143,156360900,Rural,97.84
宜春市,8.790374337999538,0.03713036009163304,156360900,Urban,2.16
益阳市,12.128307961365012,1.1218574067184948,156430900,Rural,98.78
益阳市,2.8637127224355483,0.013826693756700845,156430900,Urban,1.22
银川市,12.436920175603904,0.6537789129025261,156640100,Rural,91.22
银川市,7.6182074277800345,0.06291039188190203,156640100,Urban,8.78
鹰潭市,6.193601117688017,0.3156322394377806,156360600,Rural,96.69
鹰潭市,2.60601262800094,0.010805131226210542,156360600,Urban,3.31
营口市,15.037642953515691,0.5132625034991111,156210800,Rural,90.51
营口市,10.39863794890282,0.053799340187622384,156210800,Urban,9.49
永州市,15.477356776237,1.993805216681168,156431100,Rural,99.06
永州市,4.881766345932098,0.018968286012521856,156431100,Urban,0.94
榆林市,34.212393390966085,4.35649822532217,156610800,Rural,98.66
榆林市,15.265922642421868,0.05935659026798179,156610800,Urban,1.34
玉林市,12.808900732307123,1.1031003152047023,156450900,Rural,97.99
玉林市,5.3614808434324015,0.022658916462579396,156450900,Urban,2.01
玉树藏族自治州,33.21552751867571,20.047296201276012,156632700,Rural,100.0
玉树藏族自治州,0.320159561999958,0.0008320186974979452,156632700,Urban,0.0
玉溪市,17.180381002099704,1.3039010749212399,156530400,Rural,98.26
玉溪市,6.05500435999943,0.023028020647260658,156530400,Urban,1.74
岳阳市,16.292305013534772,1.3483740092749457,156430600,Rural,98.02
岳阳市,6.9911565607077755,0.027215180956158474,156430600,Urban,1.98
云浮市,10.621747705391225,0.6690236613432773,156445300,Rural,97.77
云浮市,4.5636296252372475,0.015260175994976297,156445300,Urban,2.23
运城市,16.82923758953368,1.3567549544759194,156140800,Rural,96.68
运城市,10.281426215148795,0.04656947347271856,156140800,Urban,3.32
枣庄市,21.841378834039844,0.3864617431973612,156370400,Rural,85.98
枣庄市,18.47651451499359,0.06301836267807531,156370400,Urban,14.02
湛江市,20.17690409598715,1.0689079236811967,156440800,Rural,97.04
湛江市,8.923190053851506,0.0325736389202005,156440800,Urban,2.96
张家界市,7.418315504087586,0.8779309749356445,156430800,Rural,99.36
张家界市,1.4514978319992906,0.005615617905853994,156430800,Urban,0.64
张家口市,32.254846973099085,3.845343938616378,156130700,Rural,97.91
张家口市,18.972340927871073,0.08206769909981088,156130700,Urban,2.09
张掖市,18.808873821901333,3.798877855460468,156620700,Rural,99.87
张掖市,1.2062577619999502,0.005083404816039562,156620700,Urban,0.13
漳州市,21.389513135747634,1.0618051981133596,156350600,Rural,94.4
漳州市,13.695789243767887,0.06296230643033418,156350600,Urban,5.6
长春市,44.251705511906195,2.6221291619196463,156220100,Rural,94.18
长春市,30.57017814429262,0.1619429145630834,156220100,Urban,5.82
长沙市,18.05512351082935,1.0019507072259748,156430100,Rural,92.47
长沙市,9.790784560583894,0.08157611831933186,156430100,Urban,7.53
长治市,19.90455552749541,1.3562162270376168,156140400,Rural,96.74
长治市,12.77134839400128,0.0457141117113971,156140400,Urban,3.26
昭通市,12.07833376232498,2.0547854736328075,156530600,Rural,99.79
昭通市,1.2833332239998754,0.004291476389854894,156530600,Urban,0.21
肇庆市,15.308126684050265,1.2854146316433253,156441200,Rural,97.45
肇庆市,8.272902662443427,0.033626926872730466,156441200,Urban,2.55
镇江市,20.350310152913014,0.289480121983848,156321100,Rural,78.9
镇江市,16.733433870274084,0.07742185359797174,156321100,Urban,21.1
郑州市,34.704909050268824,0.5163831311107597,156410100,Rural,69.44
郑州市,29.359376497670752,0.22724300750018364,156410100,Urban,30.56
中农发山丹马场,2.7612419988678507,0.2079907501915002,156629700,Rural,100.0
中山市,6.760558142761128,0.06288590465412477,156442000,Rural,40.77
中山市,6.001609839071924,0.09134424643568707,156442000,Urban,59.23
中卫市,13.882651881978743,1.3770444162184476,156640500,Rural,98.84
中卫市,3.708245489999399,0.016183330400109462,156640500,Urban,1.16
重庆市,59.631222418801954,7.530125741941521,156500000,Rural,97.64
重庆市,32.88426679800432,0.1816690752598525,156500000,Urban,2.36
舟山市,11.47811982832973,0.10727518651968415,156330900,Rural,92.08
舟山市,3.8385632803183145,0.009224456191126237,156330900,Urban,7.92
周口市,27.615141866322723,1.0980367582333905,156411600,Rural,94.45
周口市,20.350213466993075,0.06447078609251902,156411600,Urban,5.55
珠海市,8.476007051066949,0.12354605423915288,156440400,Rural,85.47
珠海市,4.8873815585259015,0.020994716996842126,156440400,Urban,14.53
株洲市,12.386501725832803,0.9990497816193262,156430200,Rural,97.49
株洲市,4.63898308819573,0.02567137185583222,156430200,Urban,2.51
驻马店市,40.99066682403644,1.3626516384130367,156411700,Rural,93.79
驻马店市,32.91327233745719,0.09020832244367236,156411700,Urban,6.21
资阳市,7.48641094819363,0.5263361788444297,156512000,Rural,98.05
资阳市,1.8384920639994107,0.010472498083574094,156512000,Urban,1.95
淄博市,22.39640506789428,0.5040485937970283,156370300,Rural,83.92
淄博市,16.288718579146376,0.09659201255871658,156370300,Urban,16.08
自贡市,7.837029882076843,0.3966355955596263,156510300,Rural,97.55
自贡市,2.0403125918234615,0.009949554855562719,156510300,Urban,2.45
遵义市,23.550589940084755,2.795079582068297,156520300,Rural,98.9
遵义市,8.742198998654635,0.030992651950956133,156520300,Urban,1.1
